ra,dec,z
230.384271,-7.413239,0.007000
45.299789,-0.553863,0.060897
166.910917,-29.711378,0.072111
341.392250,-8.751306,0.048783
194.224017,22.373089,0.022762
144.487587,25.494678,0.014300
217.788590,27.236060,0.015666
149.801792,-9.002292,0.030105
21.466790,-1.367130,0.016760
47.619651,-16.493634,0.070403
320.710709,0.421637,0.070830
55.460317,8.156934,0.020801
179.353792,25.202636,0.016200
345.045417,26.099222,0.021618
318.883410,-13.401509,0.054436
179.695125,15.719278,0.018419
357.959458,-27.963056,0.028673
199.515358,42.176111,0.041843
355.049092,27.420997,0.028915
328.993688,-1.070209,0.070667
247.434129,40.811511,0.029411
163.742460,14.271580,0.056685
205.819542,-31.555972,0.009033
31.460917,18.375064,0.026582
38.521083,1.395139,0.072409
229.995476,4.904704,0.038353
65.843083,25.411328,0.020695
345.449521,15.586476,0.012883
132.646458,-61.277944,0.022527
241.352131,1.216300,0.032941
324.286381,0.437098,0.048819
163.891687,-3.366303,0.071719
0.893672,24.217888,0.058688
257.874500,7.995778,0.008554
241.126920,17.468781,0.039897
90.819370,-26.898610,0.033701
147.733208,33.552611,0.006025
20.493500,-34.212083,0.018113
193.372292,2.160833,0.004577
238.234125,65.936861,0.036458
236.376310,-13.152790,0.029009
43.239034,1.606756,0.034222
65.946625,-51.600806,0.020548
348.667958,4.537250,0.007686
247.171375,39.553472,0.031263
20.228417,4.805322,0.032929
230.781983,8.529386,0.033454
94.054167,57.052472,0.016777
335.636960,18.873420,0.022728
162.802920,19.362500,0.048968
136.664750,19.338269,0.011932
336.718830,10.489653,0.044004
185.253250,-53.530489,0.020835
158.713530,16.111548,0.096140
74.566167,-16.299453,0.019985
249.997529,12.107172,0.057604
6.644417,-32.809167,0.045161
224.476352,18.604732,0.068176
317.993875,-0.218100,0.058645
316.258150,8.271489,0.066904
161.691710,11.835420,0.004144
7.502973,33.292718,0.074043
184.220820,-3.258065,0.068246
340.025837,24.699075,0.041483
60.471708,-26.663931,0.071859
71.338500,11.067361,0.015831
47.619667,-16.493633,0.069204
41.288625,-55.738031,0.018338
269.418417,27.832806,0.023201
104.297915,20.437122,0.017104
349.568917,0.261944,0.028550
154.212308,60.281478,0.031213
202.507325,13.415751,0.025518
218.576167,-37.479094,0.014831
256.028875,25.052839,0.039974
161.637750,13.741944,0.011299
1.452179,27.452394,0.023934
209.270208,41.844944,0.007947
165.401542,-6.108778,0.039284
355.467380,-8.637920,0.033079
178.939625,55.325556,0.003413
20.060167,3.402767,0.006760
121.288333,-22.599831,0.019551
151.449746,-17.434361,0.017817
199.574000,35.707164,0.053824
245.679958,18.959717,0.036807
157.378167,-35.259778,0.010830
55.910210,46.159100,0.016314
350.200038,32.502389,0.070605
148.684040,23.198080,0.071928
337.572085,24.993215,0.063687
29.565671,36.349378,0.015000
149.013250,10.499628,0.031224
242.768125,52.452222,0.063420
95.394875,-27.214864,0.005794
129.596583,17.627722,0.027595
164.688250,59.486667,0.022533
134.585667,-65.363819,0.018997
52.425296,-27.877253,0.065075
82.765083,-19.799800,0.098081
16.686405,-11.126435,0.041069
163.695708,61.288889,0.017706
16.848000,32.406444,0.016433
47.201850,-35.230800,0.014460
242.835089,52.841639,0.083385
270.597333,26.052139,0.015013
358.554045,27.409139,0.022543
160.117581,9.202307,0.020700
157.341583,29.510639,0.005541
274.384208,19.444581,0.009463
202.779617,19.477158,0.088020
191.190000,9.759610,0.047689
42.532333,-0.265469,0.028409
189.115292,11.757806,0.067010
312.220947,0.191135,0.094009
15.861958,32.236778,0.016726
57.434667,-3.264628,0.012472
5.006083,-6.334333,0.011261
204.198298,5.141783,0.046278
196.835488,35.784222,0.037514
88.155796,66.816883,0.017125
18.825458,-6.859039,0.020159
277.924583,16.652039,0.015613
243.778924,50.278547,0.054031
38.131542,35.483603,0.039242
32.116667,6.387944,0.010828
41.293333,-4.713722,0.025462
351.286712,-9.978731,0.068357
36.930075,28.176979,0.033678
260.924183,30.497083,0.023247
216.721063,23.935255,0.075242
250.290450,50.972470,0.047776
128.972454,0.706382,0.014365
224.055464,18.853887,0.072464
10.519000,-2.628000,0.050598
237.800423,25.707838,0.021748
150.077375,54.539742,0.005729
174.432763,22.009575,0.031199
262.880275,69.310997,0.045814
44.088625,-32.185769,0.015797
342.641792,-1.542361,0.008927
8.640957,-1.217578,0.071525
197.742208,37.059833,0.003934
334.771833,24.594389,0.026338
209.571662,-23.372689,0.037537
158.959625,-34.272889,0.013961
218.379930,17.020010,0.050931
329.518095,-13.998616,0.058052
237.161330,-3.317690,0.031099
161.105792,-32.209119,0.010900
21.346000,-18.172444,0.031043
198.251725,-19.519044,0.010400
210.747000,34.748417,0.013223
148.452590,9.193830,0.031073
308.264523,-26.210514,0.088010
122.759583,5.087194,0.031272
54.006409,1.103377,0.040249
306.276417,-24.814917,0.009824
38.164412,0.619417,0.019895
315.139080,-24.617497,0.046654
18.592750,-13.153090,0.070734
343.353917,4.799222,0.022739
201.974042,-29.618539,0.015328
153.926308,55.668708,0.024758
206.391163,35.610161,0.024392
241.059800,16.690020,0.044883
167.445083,-13.380739,0.016089
124.781042,-78.698333,0.018715
228.476360,4.757190,0.042526
205.683458,8.092706,0.084010
138.823458,-25.600083,0.054488
63.250875,-53.992711,0.042935
332.093241,-10.972504,0.071338
332.976250,3.494167,0.068724
229.851800,49.499000,0.037569
305.065010,0.217341,0.089320
174.943417,-8.859667,0.078383
306.608387,2.908814,0.015557
332.290170,-47.134020,0.005163
133.691708,39.537806,0.013975
334.787017,13.177747,0.026669
211.673250,30.318750,0.056420
51.508917,-17.562900,0.014096
210.566667,-53.541333,0.013256
267.051570,17.625440,0.020936
15.433500,-15.569194,0.017751
331.148167,42.325750,0.013173
264.903216,37.868763,0.042392
151.432554,10.271300,0.025099
162.111700,59.495439,0.076728
343.097708,-20.614806,0.032022
144.723129,-4.851558,0.023271
65.419125,-3.540653,0.038732
36.413083,24.764889,0.032550
154.819340,4.761670,0.047344
153.566733,3.467225,0.005300
1.763170,-20.696840,0.051382
349.760158,13.790653,0.047564
141.900042,-80.177556,0.017942
149.754000,17.820089,0.026823
10.459725,-9.305308,0.054516
353.337371,4.809650,0.016817
213.213410,35.711070,0.028452
352.644170,-18.891530,0.071480
104.900575,59.517003,0.011095
299.161083,-38.607722,0.017532
302.509790,-0.739250,0.017056
191.380833,54.738056,0.016568
135.055620,-13.633980,0.032070
218.943833,45.188808,0.069774
181.357600,-21.400330,0.033146
306.083039,6.174524,0.073647
177.757542,-28.744081,0.006311
359.090917,32.456689,0.015013
248.614483,76.029539,0.040600
75.208500,-38.653197,0.056025
105.731250,62.772500,0.015300
284.670070,43.468860,0.028502
177.356167,-5.120500,0.009918
49.127980,-7.054955,0.058723
57.082417,70.131806,0.003718
359.172100,3.220300,0.037801
308.225792,9.928528,0.014730
129.596583,17.627722,0.028321
27.721933,33.098131,0.037093
4.109042,-0.352658,0.058512
208.162520,-2.002240,0.024997
190.694917,2.659481,0.004215
315.989620,13.368360,0.036014
175.364583,-38.634239,0.014817
43.492080,-21.648020,0.030390
122.310417,0.280889,0.018268
218.486692,3.798839,0.030794
149.749375,17.818719,0.026550
32.321458,-23.412436,0.017040
221.447875,50.396761,0.013715
333.668429,5.080158,0.024700
244.467810,-0.333631,0.057205
123.377625,71.429200,0.017538
314.125375,-18.559528,0.027542
184.881083,49.817833,0.014305
210.815630,41.603990,0.035014
256.801704,35.509828,0.028062
88.838042,-76.922444,0.016002
345.634125,32.586994,0.018770
153.451000,38.763167,0.023938
225.944792,-3.304556,0.021912
240.675125,37.359556,0.031534
348.805208,-44.742917,0.042900
30.553208,-0.097639,0.018778
182.486879,47.095642,0.032222
183.405454,46.483467,0.027225
198.886840,3.500640,0.021215
359.635254,-18.709163,0.032968
111.251750,23.784167,0.018912
11.984125,22.373961,0.018318
231.995500,42.846861,0.018888
164.947042,-16.819611,0.070253
141.110240,5.170750,0.092907
190.711542,-30.412125,0.015426
279.995587,39.982317,0.021450
64.407708,-62.769306,0.004321
336.382320,38.984310,0.029799
220.762830,-18.879052,0.078761
80.634879,-11.487183,0.008145
229.177523,7.396626,0.039100
174.417620,57.078190,0.073597
184.267817,46.627475,0.056440
154.160917,73.400500,0.009585
43.927458,75.153811,0.014020
332.058958,-25.061550,0.017205
142.229875,49.238139,0.009717
170.256425,21.339708,0.022153
49.838630,41.490250,0.012189
358.386421,8.117278,0.015951
221.777300,11.594900,0.029901
24.288352,-9.352497,0.040528
124.995017,62.820475,0.024844
176.107579,19.713233,0.025121
65.133833,-38.959969,0.041109
129.063117,28.067131,0.012409
36.434638,41.942097,0.018510
353.837100,1.175670,0.083862
181.021500,14.068310,0.045024
239.827000,13.614240,0.034799
353.012833,-27.725500,0.027385
202.303442,11.272403,0.012077
356.917333,-13.981917,0.080766
292.252130,-51.971040,0.015789
49.583990,-2.313377,0.027766
59.086333,-54.011150,0.061590
210.774208,54.273722,0.001195
328.093958,3.421806,0.027772
221.791913,-6.275370,0.071721
185.724794,15.808993,0.006298
92.876670,-16.484600,0.019271
157.365792,22.012889,0.055721
56.847630,0.877170,0.038907
49.366083,-0.086461,0.022287
26.436792,-56.099417,0.087752
270.130333,2.431819,0.023030
10.270405,6.794071,0.037889
163.221917,-32.926333,0.012063
38.011000,-26.665950,0.042645
124.472750,23.469583,0.014540
41.453458,3.230583,0.022268
120.029787,58.709753,0.019518
203.063580,84.678700,0.022962
333.105317,0.851417,0.095097
41.203735,-16.324900,0.076212
207.746190,49.343600,0.030109
319.148464,-0.769884,0.058773
340.114250,3.199444,0.038079
359.737708,-2.248083,0.024272
201.104333,30.956200,0.049184
159.867658,5.183442,0.069128
74.364288,-0.068981,0.023526
93.692480,-66.216940,0.040282
3.749292,16.335000,0.026587
154.423625,-7.415125,0.065641
194.942070,-3.170543,0.088999
267.624875,-1.802519,0.017178
353.307920,-60.569860,0.014353
80.458125,6.676028,0.032136
32.147652,9.921364,0.064198
240.965450,39.990390,0.032015
53.768138,-24.944129,0.004501
37.930850,-25.001620,0.084561
194.850021,27.996425,0.019314
305.893342,58.346472,0.009700
190.436917,35.068639,0.023969
39.010667,43.472086,0.017024
326.625429,6.419222,0.066140
90.200400,-15.399200,0.023007
213.354135,17.783317,0.038866
26.793083,-0.146982,0.082504
344.914610,2.149770,0.049976
30.276708,31.878944,0.016456
234.889667,32.093953,0.054189
121.601425,1.035836,0.016057
206.556417,-9.131089,0.051022
32.389847,-1.000619,0.042445
180.884958,-43.654811,0.016370
125.680212,22.554696,0.007658
108.930417,-71.919450,0.018124
312.453542,-25.700711,0.018966
18.421387,-0.101577,0.016541
230.667829,-5.921239,0.038699
257.546500,21.649036,0.014740
144.376242,23.159328,0.026047
353.598637,-0.683075,0.081179
156.676540,36.680730,0.025378
200.176667,-22.036750,0.007983
13.186436,-8.285443,0.072293
183.405454,46.483467,0.025969
8.978000,-75.637694,0.057523
91.117250,-20.340261,0.009963
71.358330,19.032780,0.071723
166.390833,19.688528,0.032719
50.522292,-15.387667,0.006615
306.675240,-12.207960,0.061796
162.105667,-25.159950,0.013694
64.151625,2.764167,0.010896
86.598250,63.368610,0.049283
159.449750,-27.085333,0.011149
244.013591,3.054838,0.074850
202.503340,-27.973420,0.035659
203.175380,-21.801210,0.030488
188.622917,2.199722,0.007178
193.630417,-6.856889,0.016570
239.127208,20.046000,0.032262
38.600833,-10.844028,0.015151
9.824920,3.950040,0.016485
198.811708,-17.965458,0.009530
42.293170,14.600690,0.028017
5.406564,-1.009973,0.082817
253.705920,36.725140,0.070943
46.038833,-26.085417,0.005076
354.485917,27.277147,0.026815
337.856510,10.794802,0.067371
78.699170,7.050360,0.030066
204.558443,-20.346047,0.041708
6.961992,-1.198092,0.011819
53.399960,-36.127140,0.005138
54.713960,-35.592220,0.006182
271.683000,6.838789,0.020647
92.130283,64.723561,0.014300
341.553410,10.559250,0.037606
14.072121,-1.629536,0.043631
47.427120,40.974800,0.019538
48.217194,-0.203558,0.066816
24.323333,5.880722,0.009557
353.651958,-4.534533,0.006174
341.802677,-19.578861,0.051393
60.859670,-5.492030,0.038001
50.523775,-15.400831,0.007000
161.758087,17.275220,0.005394
122.929013,41.554667,0.032159
144.384825,23.200681,0.023003
39.159000,8.642628,0.039564
358.356410,-15.654530,0.050620
211.885719,-26.551991,0.046899
257.297767,28.606400,0.033427
353.599797,-0.890334,0.087836
263.845667,60.813694,0.012500
227.956160,46.250890,0.018513
336.090150,-33.692580,0.010281
215.069530,15.341550,0.069100
247.442042,8.641833,0.033280
327.712250,-70.341361,0.012086
32.707196,34.982733,0.040200
243.716151,56.394934,0.064765
220.387208,48.203997,0.030099
27.950609,0.263313,0.058180
347.680408,7.569514,0.042949
179.804369,20.826155,0.071306
49.398996,-1.691719,0.027725
138.750083,29.735306,0.021974
19.052437,0.791937,0.085433
280.034583,40.126806,0.023120
358.680500,-25.676136,0.028974
218.141170,-44.224390,0.004642
266.547955,55.265225,0.029766
333.482458,13.756514,0.024080
175.283167,24.819611,0.012991
310.973208,12.514361,0.014506
208.209750,-30.706472,0.024805
21.093880,3.587560,0.022210
174.925750,31.908833,0.009974
38.860905,1.074848,0.093369
20.317629,40.498686,0.018696
156.022167,16.741019,0.019711
320.177242,44.398094,0.011400
1.007964,-11.168868,0.036707
245.941208,9.786625,0.034265
291.890167,54.386472,0.014022
334.573333,40.569333,0.002884
354.430042,-47.510917,0.009883
149.801770,-9.002295,0.034516
208.528460,9.412660,0.023818
15.666250,-49.656972,0.029910
28.887290,33.822970,0.086550
192.104046,-5.794183,0.005272
52.363333,-37.271917,0.063347
343.133583,11.674083,0.027553
305.901083,-28.278722,0.009445
24.572475,35.370294,0.015545
274.745708,16.248167,0.014706
184.321583,16.371556,0.024214
38.081730,7.399473,0.064557
41.478610,11.124162,0.080637
5.515042,27.040653,0.064829
351.981250,8.779186,0.027655
323.405670,-8.165510,0.087820
171.259602,-9.798300,0.007451
190.703958,10.360417,0.026316
146.082292,-21.273611,0.008804
34.583446,37.466272,0.038200
14.794560,27.010111,0.057694
288.444792,-59.289667,0.014446
186.158004,10.838075,0.027302
170.941167,-1.105889,0.020023
243.223917,-21.630176,0.032029
109.135833,-29.325500,0.006331
36.799988,-4.534814,0.067451
192.422350,-11.092890,0.014833
18.488784,0.371668,0.044338
162.900040,69.833970,0.068300
98.104833,-71.567778,0.014780
272.916427,50.180977,0.044838
51.795371,46.944222,0.019210
55.570333,-4.721806,0.013565
25.985730,17.062340,0.025785
186.803458,9.420333,0.002596
255.030000,23.132389,0.056806
230.671330,50.976510,0.034927
143.914292,-17.386361,0.015241
126.783880,27.811590,0.021042
145.643792,10.993161,0.022110
47.205556,-7.033325,0.028394
21.701531,-1.238102,0.056369
14.692500,12.745830,0.037991
96.859875,-35.840056,0.054362
32.961314,14.453380,0.087923
2.013080,-36.564390,0.024112
157.233208,-44.665444,0.009473
87.814583,-38.317278,0.010654
121.394208,-11.437861,0.006135
320.072596,-1.683911,0.015200
36.457701,25.405381,0.048950
99.258108,44.256670,0.090233
205.846920,-19.943680,0.032644
163.823500,-14.300383,0.094169
35.805040,-4.517240,0.016775
38.344958,9.584889,0.019593
202.354508,11.796247,0.022583
25.463467,-0.876399,0.092269
24.883460,33.826680,0.015216
344.927535,-0.013712,0.044043
35.738617,1.025760,0.088059
209.340583,-34.773461,0.014825
216.570596,26.248678,0.030924
206.252170,61.280250,0.035143
261.674350,13.909850,0.023095
170.493240,-13.983670,0.064195
225.652300,23.352650,0.046119
50.753042,1.361889,0.032815
272.799542,49.861306,0.053693
108.977708,-57.343583,0.004170
359.218263,5.508861,0.016788
36.413387,24.764775,0.072138
10.690831,-23.558361,0.021276
197.517500,-46.441750,0.011155
264.687435,4.197393,0.074135
78.951417,6.777600,0.027001
140.866750,-23.169650,0.010151
240.538542,36.718889,0.095055
174.640750,25.396350,0.026435
107.942063,49.853633,0.020200
220.600860,-17.246542,0.010090
120.035092,56.368681,0.030000
287.655550,37.654720,0.027431
322.848958,43.608667,0.017334
27.095258,11.520869,0.016285
44.391750,5.978140,0.022372
199.214167,31.586611,0.030651
12.647471,4.793992,0.071624
21.238363,9.550361,0.007036
169.052540,2.808090,0.078274
357.412208,29.931281,0.016414
32.891479,23.880318,0.054286
268.962208,62.599750,0.027215
14.995218,-9.009152,0.056282
198.457167,6.958861,0.025011
10.562931,-19.193520,0.060586
5.337880,-48.641760,0.010615
204.023292,-11.621353,0.075039
28.525170,-56.695130,0.019859
241.388208,17.592556,0.034283
6.658410,2.995596,0.056074
162.205410,-20.263940,0.014065
153.209667,12.682417,0.010513
299.759500,-56.258333,0.040058
24.550233,41.655264,0.036171
200.829583,-19.621408,0.017802
290.663125,43.890806,0.041394
175.041917,30.029361,0.033813
277.606458,34.103611,0.020193
317.399290,15.125500,0.029648
337.672525,-0.776589,0.088477
84.132000,16.642389,0.017609
272.027070,25.408700,0.015182
239.283950,-12.673300,0.023748
179.107790,55.128670,0.004277
323.521708,10.423508,0.075512
5.346250,22.435640,0.019925
176.053917,33.516278,0.032790
258.000808,46.555983,0.022900
27.723167,-36.008561,0.018461
214.129170,39.586670,0.026185
25.140417,18.510106,0.063980
346.511750,34.110033,0.017912
2.865090,-6.427310,0.023489
299.053554,40.436242,0.015158
192.196833,41.924528,0.027885
353.174450,15.358836,0.051305
191.272083,-44.006417,0.017203
212.515812,33.168724,0.067094
192.511746,-14.766711,0.014047
3.634000,-0.736361,0.012023
334.402838,0.613342,0.092107
158.200000,4.197708,0.031116
317.710083,0.202056,0.030666
235.059042,11.344861,0.082476
39.548388,-1.312644,0.007989
351.176200,-8.485561,0.098691
226.168375,6.072483,0.048638
345.012208,15.980806,0.006090
281.749833,45.705472,0.015301
341.492277,-0.648736,0.090072
130.050040,-4.591940,0.015248
103.275458,50.039472,0.020126
16.363331,37.853071,0.019785
196.375342,-8.764633,0.044139
208.198900,5.313447,0.085000
14.121691,-1.226673,0.037110
299.672125,-52.356569,0.018526
3.006570,26.393680,0.013898
17.714042,15.461046,0.073053
24.420002,-13.312130,0.040087
242.572833,22.725800,0.033202
165.331380,70.665210,0.030922
54.848946,35.047050,0.002515
80.570917,-25.596392,0.031059
167.357320,29.573230,0.035889
115.123540,10.933310,0.068407
353.120417,23.936444,0.015806
177.270833,-9.736361,0.020478
29.199781,-0.213722,0.044967
225.345125,-10.180681,0.032701
17.714040,15.461124,0.073353
281.559917,35.968686,0.023503
249.371083,40.880639,0.026427
332.715267,2.108150,0.039917
353.952000,20.708780,0.060671
86.696958,-16.783417,0.007364
187.785864,0.605457,0.024152
243.868290,19.226645,0.032822
106.359430,-76.009910,0.021893
18.526958,-32.657167,0.011096
126.106960,24.997740,0.092836
40.286910,43.680220,0.022198
323.038800,-5.726000,0.026350
104.393583,-45.812306,0.039407
54.158125,-18.353806,0.078842
254.127467,27.976064,0.035403
38.424575,37.668922,0.034451
329.957167,-30.270972,0.055314
236.663156,3.495759,0.041725
194.674020,-32.123890,0.018380
41.929708,13.254111,0.028940
3.749292,-51.211000,0.069333
353.504240,-13.295920,0.087243
26.027370,34.382830,0.034955
22.862167,14.284917,0.013931
194.863720,14.171050,0.007633
61.561000,-8.885630,0.036378
155.007170,56.461030,0.025459
303.499833,-44.352167,0.018769
162.841914,8.578428,0.023318
167.685667,4.847531,0.020575
24.393487,-9.198715,0.069172
4.189400,1.200892,0.042891
351.667450,-0.840276,0.081411
198.811717,-17.965459,0.010300
233.095000,41.849890,0.043077
335.372167,-22.262792,0.022826
202.303417,11.272389,0.022926
5.722364,0.775986,0.069772
256.067042,41.510353,0.033732
181.137250,20.203167,0.021821
359.859130,-24.424090,0.049636
175.707708,77.370261,0.005744
351.055750,7.228614,0.054651
151.436051,18.316994,0.081517
339.876083,8.605917,0.023506
37.913125,39.381194,0.026019
0.895933,23.196019,0.023200
263.108583,7.063161,0.005427
36.930163,28.176864,0.034100
311.485208,-51.394444,0.014095
108.059780,7.239780,0.028948
31.266495,0.174558,0.076639
320.928922,-0.843471,0.060158
31.081331,-8.728431,0.017005
33.030607,10.863266,0.091658
23.403250,28.133283,0.071088
344.642833,15.173758,0.029392
159.991917,24.090467,0.022093
257.441800,62.974170,0.027218
227.868375,13.484917,0.022376
317.267000,-26.905500,0.027635
46.322000,-39.561028,0.019790
209.768570,33.138970,0.051650
213.595000,2.975280,0.026913
121.526381,30.546630,0.074060
204.166833,-33.967025,0.013531
308.732258,-23.104272,0.041650
176.441046,19.770483,0.019100
126.776327,21.646140,0.026081
317.282840,-18.103950,0.020193
353.719540,18.226500,0.003387
3.644375,48.252250,0.016930
144.630125,-63.973778,0.015740
242.485250,43.126636,0.032800
261.413138,59.446778,0.017980
16.444457,-0.758833,0.065297
226.511050,7.561540,0.038320
355.059210,26.203280,0.029619
20.289144,-4.237651,0.068015
326.901000,-13.181194,0.016972
227.396929,4.876092,0.035492
146.706233,16.043825,0.021100
27.293000,5.639810,0.016162
169.877421,54.462836,0.070281
196.350042,56.324181,0.008941
17.728530,-6.453865,0.073370
102.835225,45.644603,0.021158
43.754371,16.009731,0.032078
36.909833,-1.159833,0.003969
315.873417,-67.183639,0.010133
171.977170,27.345780,0.033713
37.680208,-2.938833,0.018299
334.870000,29.384583,0.014608
130.204790,73.487540,0.012223
354.058380,23.695940,0.083652
218.719583,40.748019,0.019510
85.483292,18.497500,0.015346
171.014359,-12.291489,0.017988
142.557060,69.117370,0.015149
140.376958,-9.691628,0.055079
18.679667,0.285331,0.044081
347.594330,7.588940,0.037865
62.258917,-1.160111,0.016576
144.186750,-21.147694,0.008700
192.255129,-9.452912,0.014029
160.117583,9.202333,0.020407
276.710167,51.137894,0.032750
197.038040,27.826360,0.023960
28.330680,17.314810,0.077987
243.822583,-61.131539,0.016653
200.216781,21.333692,0.090365
203.149220,-5.272590,0.029944
22.453797,-1.976972,0.018037
332.207083,38.151381,0.019557
121.289375,66.787556,0.016502
244.520708,21.551111,0.034325
168.545990,48.318680,0.007730
358.070680,-22.755520,0.048261
243.298917,1.591972,0.033618
30.415067,15.332814,0.044045
259.876083,47.701278,0.016694
169.450792,13.728211,0.025970
327.282542,0.444222,0.014633
191.977183,54.010578,0.011544
220.714948,8.760656,0.035908
239.373750,15.872761,0.017558
121.331250,22.963780,0.045480
178.232083,36.986556,0.003927
340.928609,24.365577,0.068656
19.182459,0.794626,0.075044
259.341792,41.066722,0.027459
145.089417,-6.988822,0.017642
179.957500,54.802110,0.078334
224.866521,58.002725,0.074671
325.820375,43.579889,0.017642
207.454740,-3.080080,0.047811
345.534480,-4.422276,0.093264
250.812762,32.674322,0.052951
320.924380,33.114600,0.048393
55.596908,39.241750,0.040523
42.248210,3.169580,0.013181
200.257488,58.550778,0.053369
24.348742,-0.311999,0.054876
161.066542,34.947106,0.068123
46.285900,37.900200,0.016708
27.431454,32.628419,0.036713
255.896414,31.353257,0.077377
10.466833,32.990333,0.015407
64.526125,-63.615069,0.017008
128.638833,-2.543361,0.015029
150.807258,1.895292,0.047923
244.699829,25.187906,0.040155
196.710208,15.575658,0.063503
45.385000,-15.015990,0.030021
43.566308,42.724764,0.020496
131.520250,59.695644,0.047076
162.766642,65.779556,0.011269
355.893250,0.568503,0.081358
216.826430,-1.675330,0.054857
44.972375,1.160715,0.071915
28.426670,29.936310,0.024742
1.557542,8.888194,0.037268
358.553992,27.409172,0.024400
224.181875,9.328472,0.080402
350.290846,33.400206,0.015210
255.466946,79.031739,0.064244
324.921050,24.406700,0.037038
347.856000,-1.865100,0.075197
50.673417,-37.203611,0.005588
36.338359,-8.649839,0.054812
1.726153,24.997919,0.058637
226.140025,35.964036,0.049992
245.544121,-1.514258,0.017025
277.043500,-71.694110,0.011729
239.127200,20.045922,0.032508
34.998458,-55.547278,0.059629
154.597167,-13.103111,0.031335
193.451125,-39.697100,0.011167
307.148083,25.735644,0.013292
336.600117,21.249064,0.030437
332.355458,-1.648000,0.032400
347.521054,30.223283,0.030766
221.986230,2.871924,0.064540
333.999735,-1.610731,0.097956
152.251250,-26.640111,0.045775
109.491208,9.693011,0.029245
33.319292,-7.661333,0.015095
60.961083,-2.655000,0.066176
162.570333,-12.108889,0.016647
145.228137,5.140600,0.007671
115.485542,-62.519111,0.035695
187.787500,-35.930489,0.020962
164.416488,37.661500,0.036004
176.023342,-4.673669,0.058295
326.889442,5.858417,0.059975
354.946464,0.205234,0.067344
229.869292,-9.880564,0.024501
145.781575,9.658744,0.060662
350.984333,16.775000,0.039845
171.409420,7.333560,0.074676
330.418542,-21.508394,0.016257
62.091875,-9.902944,0.069673
323.292667,-18.340583,0.048938
35.141369,4.454653,0.039541
36.859100,9.750158,0.054653
54.344333,-33.044472,0.038756
207.501375,-30.576167,0.013304
340.362042,39.289444,0.016210
322.154697,1.228150,0.048292
295.917875,56.110083,0.011270
185.313083,-21.998806,0.023979
187.841044,29.134436,0.016127
21.345233,34.025017,0.014922
134.271417,-20.035039,0.019587
219.458667,30.483944,0.035325
49.210988,80.784625,0.007567
215.587696,-0.393822,0.006309
159.985092,58.414917,0.071845
244.126392,35.708358,0.028100
29.453621,36.340556,0.014727
310.843333,80.154069,0.015690
339.194792,20.358772,0.055343
269.418167,50.038811,0.022023
20.739083,33.466111,0.012765
343.793430,-0.410280,0.067583
10.158035,-8.881820,0.077846
142.218570,-12.897167,0.042848
4.185330,15.342090,0.068701
139.053244,-16.304440,0.009371
9.074875,11.394583,0.034796
255.799000,61.457239,0.019592
320.257208,9.180667,0.019738
212.490667,17.542306,0.016998
350.127375,24.777611,0.026491
142.094042,27.444803,0.033798
214.296800,7.360670,0.059501
195.059625,27.954556,0.016381
274.898190,23.785890,0.016296
215.915842,-19.447258,0.036989
330.454458,13.055306,0.030788
38.001292,1.248194,0.021185
22.846667,60.320458,0.013971
21.774963,19.116897,0.042053
159.935650,15.034660,0.067231
161.756017,26.543814,0.022047
190.437058,35.068869,0.023600
136.891929,3.392261,0.013579
346.839708,2.907839,0.061689
192.885167,40.444608,0.066622
358.680485,-25.676137,0.029271
239.088792,36.537197,0.066667
120.556750,67.512150,0.085004
266.776333,57.301306,0.028012
161.236827,23.263728,0.049923
192.150042,-41.325981,0.010871
244.811420,40.420580,0.083326
324.286417,0.437167,0.049717
140.719208,21.987761,0.035576
337.674900,39.293120,0.015783
3.734167,-30.557806,0.064096
249.411667,72.373500,0.014254
277.509930,39.965090,0.017894
55.680208,-2.669378,0.047259
53.388583,-62.554083,0.028795
142.652420,21.411750,0.082679
16.704880,-46.983320,0.015366
247.565417,5.932981,0.050216
47.643750,4.269667,0.022318
75.889110,6.659934,0.028336
155.624590,15.096580,0.046771
146.107090,-18.548340,0.061197
333.831958,-65.548169,0.009854
193.141273,-9.775189,0.009683
33.992290,12.237390,0.017958
236.753175,-0.990256,0.030322
38.090963,22.747515,0.039963
102.653040,31.112380,0.018387
27.690708,21.759833,0.007958
42.530183,12.845914,0.033500
126.925125,21.487444,0.015142
131.469033,43.818842,0.079856
88.270042,-17.867639,0.010674
357.342802,19.207282,0.069632
14.390190,-1.388790,0.043855
154.527135,21.828240,0.005349
191.875708,-39.580028,0.016466
339.554917,35.491667,0.025830
70.035000,7.350000,0.016179
254.494792,-62.731583,0.016949
216.168850,26.626469,0.037839
133.514025,-7.189300,0.036060
236.744540,17.884040,0.011360
357.428908,-69.700661,0.038710
346.827954,-13.518787,0.067722
195.296729,53.815969,0.030539
121.864250,25.129150,0.021416
38.498667,20.975111,0.013532
164.967592,19.794933,0.028580
103.999542,55.400833,0.026565
309.471874,1.221122,0.078908
334.049190,37.473920,0.016964
39.616042,29.759011,0.016189
36.373308,41.843033,0.016658
191.015985,-5.102755,0.056193
320.382778,0.993306,0.032992
74.251454,-4.761122,0.012900
209.920700,-25.380800,0.038831
204.198300,5.141781,0.048220
258.899667,16.323833,0.030238
148.925583,69.673889,0.001033
40.951708,32.526028,0.014398
69.961458,7.065250,0.015439
174.618500,20.526229,0.026837
206.741583,60.970250,0.007146
48.140000,39.320917,0.014063
114.065670,-69.506390,0.005259
22.621605,9.240356,0.058218
208.360458,43.913478,0.063800
354.701796,-6.522657,0.005514
163.510771,46.026789,0.042322
17.102460,21.151600,0.075285
318.436708,13.575972,0.015864
174.507333,-32.330833,0.030702
183.061042,56.179753,0.031600
327.083667,-34.952950,0.015360
331.405583,44.837706,0.016515
56.127500,-44.639833,0.003675
31.156250,21.585681,0.029472
356.854583,28.387722,0.028941
266.013135,33.041044,0.075508
50.946650,40.564878,0.027893
205.268658,67.672092,0.010635
183.661454,12.229931,0.065197
162.029710,0.163500,0.040570
338.094487,30.828833,0.033500
300.036042,-55.367611,0.013752
305.074040,-23.743530,0.078547
198.757348,-15.951875,0.008479
193.705042,58.881875,0.008997
155.153790,-2.466750,0.063979
15.861208,-4.877611,0.016648
274.054500,55.590889,0.018174
51.506387,40.694914,0.013472
170.969760,-5.551820,0.055894
134.895460,45.926190,0.028745
18.142667,0.291981,0.017920
343.336167,32.132667,0.020301
338.530516,5.568381,0.013815
36.652208,12.148750,0.026708
145.806840,41.317280,0.045489
15.398080,17.101190,0.029341
1.239658,-6.354644,0.082761
133.644167,57.172167,0.017329
311.827467,0.312600,0.013400
244.248698,19.117184,0.036815
17.741856,0.276253,0.064256
243.624011,56.068104,0.066109
200.780120,52.649060,0.030813
206.757292,33.893239,0.017254
357.907565,20.140175,0.083432
141.491838,34.633364,0.025059
290.120210,54.208520,0.044044
38.892950,-6.063050,0.030032
185.697438,65.851278,0.009568
330.676792,-32.792639,0.008008
234.641950,13.347910,0.049701
132.309667,36.129644,0.025900
322.747061,13.989236,0.027577
86.939130,53.609000,0.026412
338.465333,20.802361,0.033175
349.061208,-42.569694,0.004560
239.095979,16.516089,0.016162
188.742983,50.851058,0.040333
86.284000,-79.396533,0.017769
191.287920,-0.459025,0.006199
273.122340,31.279810,0.023950
166.897870,22.851270,0.023318
351.772530,4.426065,0.039776
305.074042,-23.743528,0.078178
224.838333,-17.152594,0.067866
129.602542,25.759194,0.019279
74.848167,-11.130583,0.012962
308.798367,64.807336,0.008664
171.413271,22.830292,0.032100
214.698917,24.940833,0.018185
46.767837,16.331083,0.078375
65.707125,-82.069358,0.016275
52.746605,-28.167975,0.077179
315.299081,21.400508,0.056415
300.756960,-21.913400,0.017892
18.407667,0.423875,0.045922
289.696260,-84.697230,0.017130
318.101125,-7.814444,0.026601
252.463025,40.432160,0.028978
275.655833,15.702139,0.017166
94.663679,-54.470789,0.015809
27.950553,0.263376,0.057900
46.512083,-15.611550,0.008227
261.580571,23.133404,0.085879
318.097290,14.779190,0.028441
16.834920,32.399940,0.015994
332.642542,-22.663333,0.030381
211.968920,9.642000,0.055303
121.804625,5.683250,0.021849
353.329063,25.214117,0.065302
10.548829,-9.881242,0.053249
179.408542,37.447161,0.065677
107.920042,-26.685083,0.009220
191.723958,-11.642556,0.009454
340.067083,-66.485083,0.010549
77.953050,5.194249,0.014821
50.426667,42.097056,0.017934
359.656221,60.985392,0.006280
37.328125,-2.208706,0.069352
185.489875,4.471806,0.006390
213.904696,14.280206,0.019306
130.236938,44.524325,0.090840
23.672979,-0.605378,0.078489
44.599742,6.592956,0.020304
190.553117,-17.402069,0.037765
60.224208,-66.675169,0.024989
200.436875,31.246833,0.025002
212.175208,-21.596528,0.030001
197.651625,-4.485742,0.027159
195.244579,39.856850,0.035769
155.918333,-35.825211,0.016666
322.073583,-61.550000,0.074777
255.973554,31.501861,0.033757
49.934292,-27.007133,0.068761
200.489833,11.735753,0.064973
31.612829,-0.899539,0.078465
170.623793,56.407373,0.073264
128.237050,-3.857940,0.031562
272.710000,31.108972,0.022607
150.895833,-35.463222,0.050095
291.087292,-25.984556,0.019777
263.907500,8.808990,0.035417
320.889417,-8.760167,0.058880
240.713670,47.224780,0.020390
179.059971,25.354094,0.033320
170.161583,-3.546194,0.026366
69.622962,44.033839,0.013000
200.303760,40.265680,0.035770
27.176958,-48.649389,0.020673
92.236708,-27.795828,0.010448
52.553604,-0.974586,0.066511
9.749129,-9.015837,0.019203
259.330140,33.462020,0.030250
17.954925,14.640723,0.045558
183.112542,29.149350,0.014385
1.704271,8.630178,0.016306
66.083542,-31.987439,0.025461
88.858796,51.909506,0.019315
62.136150,2.378667,0.029648
338.344480,-1.357050,0.053198
6.321958,12.885056,0.015932
45.618750,-24.455972,0.051436
336.386833,-24.238917,0.024237
49.319150,41.382286,0.018848
43.239083,1.606736,0.035135
330.015333,-30.184261,0.016172
249.769683,8.360130,0.045459
101.431250,-31.231250,0.009817
195.134580,27.978080,0.024076
6.727872,36.333113,0.075895
206.461460,26.796500,0.051241
137.388396,50.280786,0.017341
259.959237,28.699294,0.081082
75.505379,-21.131983,0.015335
195.827420,-23.065780,0.073015
67.538325,-17.640487,0.082609
111.677083,47.093333,0.010477
294.186833,-37.551250,0.019407
251.810862,40.243444,0.029571
156.767188,16.018833,0.033499
190.736250,13.256580,0.004351
55.757917,-53.632444,0.057936
202.782792,-33.214028,0.051974
346.664570,-12.572800,0.031886
203.661000,-23.681431,0.009816
274.620420,36.318830,0.021020
163.344790,16.776360,0.004756
146.132510,-12.308200,0.047640
176.846958,23.364881,0.018045
116.656304,44.789586,0.031203
0.705703,0.751234,0.085038
152.333165,14.992482,0.032038
263.697810,-2.356816,0.067067
1.473320,8.430100,0.039738
177.014454,30.356394,0.021732
345.819000,8.872167,0.015139
328.468402,4.495239,0.044006
14.373150,-22.587205,0.041931
176.110600,-28.457560,0.029884
330.591000,-18.916778,0.007744
33.530642,23.630719,0.031731
349.793242,9.198383,0.039666
257.760833,5.840844,0.022389
201.389933,-24.652276,0.034226
109.863583,54.230028,0.067684
36.840430,-23.929250,0.016321
101.908750,74.497500,0.013334
2.096417,-20.870917,0.068867
330.454451,13.055297,0.030129
144.151250,-63.948522,0.010418
75.173125,62.244056,0.017264
199.199633,43.520369,0.086459
167.624325,55.160842,0.058368
204.369667,4.103139,0.024098
357.873083,-13.379556,0.022811
71.666458,-26.987639,0.059944
243.186750,28.284222,0.024828
108.874500,23.428444,0.021804
222.409583,25.370200,0.034568
14.963360,-11.032655,0.056095
318.754292,-47.210389,0.015821
323.742167,-62.735389,0.050202
241.365083,17.830222,0.034526
171.838417,59.630061,0.017557
41.667573,-1.804254,0.022641
146.264750,64.260139,0.018155
157.468142,20.669372,0.020241
213.963375,-48.134056,0.015292
340.670663,22.255808,0.096560
163.226000,23.598000,0.061426
303.125000,-44.109761,0.018530
260.690108,62.164075,0.026137
195.812746,50.618758,0.024200
173.845179,-21.715253,0.013365
132.432990,12.298117,0.051522
353.865347,19.223006,0.070601
318.428432,-0.837790,0.091557
49.976960,41.564860,0.019768
43.194630,46.946390,0.027485
128.758371,-8.337778,0.043604
25.140420,18.510104,0.062419
219.312708,38.456417,0.012646
24.650330,-4.680010,0.047763
287.879671,77.893031,0.074704
79.393212,-23.781787,0.031357
45.604125,-58.132361,0.059767
210.912750,-33.978500,0.014705
98.537500,-25.184610,0.025535
232.504542,12.986917,0.013948
105.402664,14.133118,0.026841
241.732709,3.004231,0.042574
36.453708,18.533333,0.004206
132.481200,56.099170,0.040450
196.259925,28.740308,0.029702
140.466958,51.001833,0.002688
266.293333,18.140778,0.009993
12.028667,27.624583,0.015564
7.461750,31.392744,0.019959
179.058983,60.522131,0.033757
269.874050,43.390060,0.025216
226.464920,-5.626960,0.021098
334.388542,33.255917,0.036529
117.986458,73.009611,0.011654
212.263108,32.415628,0.057343
238.358000,39.385583,0.070901
130.011600,43.442458,0.087952
178.438333,48.422442,0.053526
136.153812,-19.785983,0.019692
46.381382,12.010717,0.042930
340.450486,17.627486,0.085170
170.355417,34.339806,0.035882
37.665370,42.235810,0.018547
250.667632,50.597519,0.073832
14.382920,30.185230,0.015287
340.541752,19.994485,0.029754
268.711417,18.330694,0.010164
158.714083,-34.441667,0.070761
52.319370,-23.978640,0.021565
101.009000,12.396620,0.013522
9.057230,7.168929,0.061502
159.377567,65.016050,0.022900
180.470000,-18.972712,0.006673
110.538000,-29.226561,0.010747
2.960264,-0.339205,0.062145
351.710304,-0.730058,0.090565
32.871170,-16.510290,0.052286
224.868721,16.653269,0.034127
49.588708,-41.609681,0.065641
252.643704,60.276339,0.055842
74.864792,-58.828944,0.045098
341.261925,34.004278,0.022223
308.246333,9.872028,0.014307
49.957958,41.505239,0.017000
348.108283,13.913647,0.032631
192.404463,28.329394,0.050959
228.453951,1.861604,0.078894
331.340760,3.359646,0.079542
259.458279,40.881214,0.031174
212.860380,1.285960,0.025819
44.488087,46.865608,0.036405
48.800204,43.170386,0.049433
229.995500,4.904647,0.040284
332.686792,-20.788111,0.061181
200.842500,-26.107972,0.032725
36.800154,-4.534686,0.063354
55.711500,-1.874717,0.008911
104.615000,-28.763661,0.008124
212.418700,-0.656670,0.024701
353.480917,4.516750,0.068684
14.850435,0.002595,0.061697
31.593875,-52.024081,0.019183
160.674538,58.843828,0.032118
310.166125,-54.310067,0.010462
210.567708,-11.352361,0.037248
177.727083,2.305989,0.029739
204.601191,9.669802,0.088350
328.366500,-34.406010,0.011122
21.756833,2.809117,0.074560
236.130000,16.303560,0.049957
4.916175,26.763665,0.066338
128.828583,28.468278,0.007956
24.148042,34.032853,0.069361
8.686120,-6.159550,0.057079
199.178208,-55.299969,0.017194
275.764996,29.897053,0.026600
52.392708,10.973111,0.022597
191.603000,11.948917,0.047020
224.021504,45.404825,0.036600
184.812042,22.427192,0.023300
196.914410,6.337390,0.024928
181.337113,40.945675,0.045841
79.173083,6.491500,0.033004
340.425202,-0.136911,0.056596
197.991670,14.566360,0.027699
133.634292,36.511417,0.025771
109.440410,23.344610,0.008123
150.130202,4.407147,0.014043
201.042167,-23.877583,0.025928
348.939670,-1.339930,0.024055
332.095800,-10.306385,0.081252
100.260458,-38.038611,0.034475
146.642888,30.655353,0.034308
79.834542,-17.611589,0.023495
152.690250,-3.777540,0.060794
45.973750,-11.994278,0.012886
341.260374,8.944164,0.023462
93.139160,-14.257400,0.035920
19.674083,-7.444694,0.016714
215.084670,-9.300890,0.049522
218.648867,59.334425,0.006600
167.386000,28.631008,0.039145
30.988320,-5.872271,0.055871
241.812542,7.972333,0.009587
248.332960,23.731190,0.033373
300.713112,49.317272,0.022917
24.116496,-5.671774,0.076942
189.740471,11.129417,0.061457
330.202208,-13.121444,0.068819
191.412638,35.086711,0.032900
41.458625,-17.929372,0.092145
51.936008,-28.487053,0.073168
151.707333,-7.686764,0.056490
77.183292,70.475633,0.016051
11.660329,36.332694,0.035967
211.630417,-5.446944,0.010388
46.729833,41.509139,0.015371
18.377625,49.609694,0.017467
6.319461,12.886845,0.016510
224.886333,16.669889,0.035621
188.509979,7.701583,0.003047
358.154920,14.552560,0.025241
48.242667,-11.711147,0.057200
206.929583,-30.932506,0.015815
27.901125,19.104694,0.032682
207.059792,-11.644050,0.086024
213.237792,52.743664,0.082637
33.770083,-20.766274,0.052193
149.826973,-19.473776,0.013306
121.530830,-22.563570,0.017334
224.838338,-17.152595,0.068226
227.311708,-11.334222,0.006846
149.526042,10.359400,0.019052
325.820375,43.579889,0.012990
145.813575,36.284344,0.021845
99.313679,49.853019,0.019476
34.972000,29.034083,0.015809
348.820850,19.022661,0.014571
331.013030,-10.218220,0.056296
70.602710,-21.724330,0.067312
139.934042,33.763722,0.023849
34.663542,-6.903000,0.015973
29.429281,-0.179452,0.076658
37.596550,-20.683350,0.015602
164.014332,28.144343,0.077765
205.920792,3.900028,0.024199
346.393428,9.124259,0.037367
80.495292,3.484919,0.015105
257.599670,26.396640,0.041319
199.504708,-26.845917,0.007789
83.194250,-14.045944,0.010573
211.686120,-34.454840,0.016465
46.972917,-69.029778,0.035911
234.779160,9.294580,0.044334
166.826829,76.697367,0.017337
75.804750,-22.833100,0.015472
242.164208,12.011169,0.016439
198.235038,47.453450,0.028762
21.558208,-6.103889,0.005557
196.980354,34.085303,0.034570
52.461733,0.056827,0.036535
209.609417,-34.516089,0.017505
181.012035,20.245124,0.025124
233.007633,68.243367,0.021872
5.171020,25.229100,0.034455
226.375300,1.634000,0.004742
80.570898,-25.596391,0.031360
188.474750,-7.378583,0.026635
170.926167,-22.270694,0.028526
128.342833,-76.627739,0.019672
40.181708,-34.740519,0.099207
215.313042,61.571083,0.036720
346.274417,-3.200278,0.030810
339.246700,-25.232010,0.010395
355.449333,-3.669000,0.020950
8.797167,23.254194,0.035644
332.865979,-0.029744,0.049655
190.651750,-40.746331,0.015899
190.275625,50.391253,0.016118
281.574333,-65.761611,0.015089
15.279333,-10.311083,0.028922
156.801954,71.415431,0.035250
266.032221,40.880856,0.039124
150.991500,49.041190,0.070462
187.983375,14.426472,0.008698
169.810700,20.808995,0.021904
338.389750,-1.162611,0.055205
268.025540,21.565970,0.020141
314.716300,-2.974200,0.018563
50.997792,37.758514,0.017937
65.451290,-15.755590,0.030527
117.045880,28.230290,0.027787
312.387741,-0.761723,0.093910
149.646260,0.742970,0.066030
128.819500,48.316972,0.043543
82.275292,-35.193944,0.058474
272.336290,18.298180,0.017918
50.130917,41.511361,0.014426
152.716950,-66.647310,0.006940
215.380633,23.948203,0.050745
203.689540,13.853970,0.024255
37.765708,-20.147083,0.032320
305.503500,-51.796194,0.019147
86.926708,-79.214289,0.017415
188.934708,-0.221114,0.024017
112.572500,25.032190,0.043282
106.419708,50.586250,0.019943
195.180675,27.961467,0.027700
174.304329,15.435164,0.014653
127.888865,-1.199407,0.031968
122.311500,-18.653639,0.050604
354.341289,19.931417,0.053926
278.986450,-63.373930,0.011064
311.390256,14.787733,0.049259
241.732708,3.004231,0.032173
23.562720,-17.812080,0.043904
37.322830,18.087870,0.014230
34.690917,-6.641919,0.016721
203.845750,-34.160278,0.024546
335.224833,33.292694,0.015174
23.039417,-23.054194,0.051089
251.508083,6.466472,0.025429
239.794010,14.641500,0.073988
184.313192,46.726800,0.034122
58.595098,-19.181772,0.024693
5.714146,6.969819,0.039173
202.774271,-15.101822,0.015182
215.075260,-22.189060,0.054306
194.852162,28.347600,0.068471
39.015548,-17.263820,0.031426
200.378052,-2.149024,0.035767
75.933290,3.412470,0.052674
182.028340,65.177190,0.004885
121.551575,-27.562606,0.004052
352.125429,22.427236,0.010500
334.331333,35.580556,0.019998
128.379567,41.517833,0.025851
91.147850,-12.628575,0.007700
222.152679,-4.741919,0.042559
259.726528,45.543682,0.061009
2.667792,-49.945361,0.060711
177.867490,22.026360,0.026763
65.184375,-8.598819,0.036872
247.580525,21.085344,0.055270
9.424730,1.762820,0.079001
